/content/drive/Shared drives/ECE160-Visell-2020/Media Files/similarity_dataFolderSubset//st__eliyah_childrens_choir-we_are_guarded_by_the_cross-11-meet_it_is-117-146.mp3,46139 (EXCERPT),11,[0.00339423],80.27610778808594,1016.3785612846162
/content/drive/Shared drives/ECE160-Visell-2020/Media Files/similarity_dataFolderSubset//ammonite-reconnection-04-restrained_mind-88-117.mp3,Restrained Mind (EXCERPT),Ammonite,[0.00611552],105.0400390625,2334.5014824411696
/content/drive/Shared drives/ECE160-Visell-2020/Media Files/similarity_dataFolderSubset//american_bach_soloists-j_s__bach__cantatas_volume_v-15-nun_komm_der_heiden_heiland_bwv_61_iii_aria__komm_jesu_komm_zu_deiner_kirche-146-175.mp3,-Nun komm der Heiden Heiland BWV 61_ III Aria - Komm Jesu komm zu deiner Kirche- (EXCERPT),American Bach Soloists,[0.00098339],94.86970520019531,1259.442776525108
/content/drive/Shared drives/ECE160-Visell-2020/Media Files/similarity_dataFolderSubset//ammonite-reconnection-11-touch-378-407.mp3,Touch (EXCERPT),Ammonite,[0.01949206],139.9843292236328,2437.268991441705
/content/drive/Shared drives/ECE160-Visell-2020/Media Files/similarity_dataFolderSubset//musica_franca-corrette__le_phenix__les_delices_de_la_solitude-10-sonata_iii_in_c_major__allemanda-30-59.mp3,Sonata III in C major - Allemanda (EXCERPT),Musica Franca,[0.00208889],172.26559448242188,1210.9947460540905
/content/drive/Shared drives/ECE160-Visell-2020/Media Files/similarity_dataFolderSubset//rapoon-what_do_you_suppose-07-how_many_of_you_did_not_know_that-204-233.mp3,How many of you did not know that (EXCERPT),Rapoon,[0.00193023],84.86919403076172,953.921461761738
/content/drive/Shared drives/ECE160-Visell-2020/Media Files/similarity_dataFolderSubset//very_large_array-stuff-01-magnified-59-88.mp3,Magnified (EXCERPT),Very Large Array,[0.02514366],120.39400482177734,2258.27566554134
/content/drive/Shared drives/ECE160-Visell-2020/Media Files/similarity_dataFolderSubset//mutandina-mutandina-11-quaker-59-88.mp3,Quaker (EXCERPT),Mutandina,[0.01205364],103.0335693359375,1948.7713801651862
/content/drive/Shared drives/ECE160-Visell-2020/Media Files/similarity_dataFolderSubset//paul_beier-simone_molinaro-04-saltarello_del_predetto_ballo-30-59.mp3,Saltarello del predetto ballo (EXCERPT),Paul Beier,[0.01667716],99.64139556884766,915.4651937762386
/content/drive/Shared drives/ECE160-Visell-2020/Media Files/similarity_dataFolderSubset//reza_manzoori-restrung-12-summer_night-233-262.mp3,Summer Night (EXCERPT),Reza Manzoori,[0.01128549],86.9074935913086,1962.7461132634883
/content/drive/Shared drives/ECE160-Visell-2020/Media Files/similarity_dataFolderSubset//monoide-zeitpunkt-08-like_a_child-146-175.mp3,Like a child (EXCERPT),Monoide,[0.02644279],125.01311492919922,1935.071334695352
/content/drive/Shared drives/ECE160-Visell-2020/Media Files/similarity_dataFolderSubset//jacob_heringman_and_catherine_king-luis_milan_el_maestro-25-pavana_6-59-88.mp3,Pavana 6 (EXCERPT),Jacob Heringman and Catherine King,[0.0002527],111.28143310546875,1038.113219887135
/content/drive/Shared drives/ECE160-Visell-2020/Media Files/similarity_dataFolderSubset//tilopa-pictures_of_silence-06-roku-204-233.mp3,Roku (EXCERPT),Tilopa,[0.01156756],120.2113265991211,690.9423934573268
/content/drive/Shared drives/ECE160-Visell-2020/Media Files/similarity_dataFolderSubset//c_layne-the_sun_will_come_out_to_blind_you-10-everybodys_going_underground-146-175.mp3,Everybody\'s Going Underground (EXCERPT),C Layne,[0.01843],172.26560974121094,1173.259533093319
/content/drive/Shared drives/ECE160-Visell-2020/Media Files/similarity_dataFolderSubset//tilopa-out_of_the_blue-01-kyopianosus-0-29.mp3,Kyo-piano-sus (EXCERPT),Tilopa,[0.00164331],112.81526947021484,713.4667789916908
/content/drive/Shared drives/ECE160-Visell-2020/Media Files/similarity_dataFolderSubset//richard_savino-mertz__bardic_sounds-08-caprice-59-88.mp3,Caprice (EXCERPT),Richard Savino,[0.00159547],128.82550048828125,765.4170767256736
/content/drive/Shared drives/ECE160-Visell-2020/Media Files/similarity_dataFolderSubset//atomic_opera-alpha_and_oranges-01-rain_parade-146-175.mp3,Rain Parade (EXCERPT),Atomic Opera,[0.02033356],102.35865020751953,2005.2540237688886
/content/drive/Shared drives/ECE160-Visell-2020/Media Files/similarity_dataFolderSubset//rocket_city_riot-middle_age_suicide-03-no_end_in_sight-117-146.mp3,No End In Sight (EXCERPT),Rocket City Riot,[0.02773141],106.70095825195312,2162.375347252501
/content/drive/Shared drives/ECE160-Visell-2020/Media Files/similarity_dataFolderSubset//burning_babylon-knives_to_the_treble-05-mash_up_the_dj-30-59.mp3,Mash Up The DJ (EXCERPT),Burning Babylon,[0.02767626],106.27283477783203,2098.476137680166
/content/drive/Shared drives/ECE160-Visell-2020/Media Files/similarity_dataFolderSubset//ensemble_sreteniye-ancient_church_singing_of_byzantine_georgia_and_rus-10-thy_cross_do_we_adore_georgian_chant-0-29.mp3,Thy Cross do We Adore Georgian Chant (EXCERPT),Ensemble Sreteniye,[0.00806304],88.7011489868164,1337.3167191957446
/content/drive/Shared drives/ECE160-Visell-2020/Media Files/similarity_dataFolderSubset//shira_kammen-music_of_waters-02-downstream-291-320.mp3,Downstream (EXCERPT),Shira Kammen,[0.01221628],101.3647232055664,1108.2272370535547
/content/drive/Shared drives/ECE160-Visell-2020/Media Files/similarity_dataFolderSubset//les_filles_de_sainte_colombe-german_music_for_viols_and_harpsichord-05-suite_in_a_minor_sheidt-436-465.mp3,Suite in A minor (Sheidt) (EXCERPT),Les Filles de Sainte Colombe,[0.00083639],152.84129333496094,1806.8608841079815
/content/drive/Shared drives/ECE160-Visell-2020/Media Files/similarity_dataFolderSubset//the_seldon_plan-making_circles-08-eyes_closed-117-146.mp3,Eyes Closed (EXCERPT),The Seldon Plan,[0.0194237],144.04376220703125,1722.2570945398825
/content/drive/Shared drives/ECE160-Visell-2020/Media Files/similarity_dataFolderSubset//voices_of_music-an_evening_with_bach-09-prelude_in_g_major_bwv_1007-59-88.mp3,Prelude in G Major (BWV 1007) (EXCERPT),Voices of Music,[3.88363031e-05],95.33540344238281,492.48058188930275
/content/drive/Shared drives/ECE160-Visell-2020/Media Files/similarity_dataFolderSubset//lvx_nova-lvx_nova-07-a_lake-204-233.mp3,-A Lake- (EXCERPT),LVX Nova,[0.02485222],118.37447357177734,1340.6129707373586
/content/drive/Shared drives/ECE160-Visell-2020/Media Files/similarity_dataFolderSubset//american_bach_soloists-joseph_haydn__masses-05-credo__allegro_con_spirito-0-29.mp3,Credo - Allegro con spirito (EXCERPT),American Bach Soloists,[0.00208463],102.8908462524414,1208.0075180945025
/content/drive/Shared drives/ECE160-Visell-2020/Media Files/similarity_dataFolderSubset//ehren_starks-lines_build_walls-09-one_big_hope-30-59.mp3,One Big Hope (EXCERPT),Ehren Starks,[0.00022074],115.43610382080078,760.9190668095125
/content/drive/Shared drives/ECE160-Visell-2020/Media Files/similarity_dataFolderSubset//sherefe-opium-07-alf_leyla_wa_leyla-233-262.mp3,Alf Leyla Wa Leyla (EXCERPT),Sherefe,[0.01636416],129.46182250976562,1482.0084274911862
/content/drive/Shared drives/ECE160-Visell-2020/Media Files/similarity_dataFolderSubset//panacea-songs_and_dance_music_of_europe_east_and_west-11-zemer_atik-30-59.mp3,Zemer Atik (EXCERPT),Panacea,[0.04281463],131.57220458984375,1577.8744098264672
/content/drive/Shared drives/ECE160-Visell-2020/Media Files/similarity_dataFolderSubset//william_brooks-bitter_circus-06-a_different_state_of_mind-30-59.mp3,A Different State of Mind (EXCERPT),William Brooks,[0.02620256],124.9874267578125,1666.1521464253235
/content/drive/Shared drives/ECE160-Visell-2020/Media Files/similarity_dataFolderSubset//jeni_melia-the_lost_art_of_wooing-13-a_dream_john_dowland-59-88.mp3,A dream (John Dowland) (EXCERPT),Jeni Melia,[6.50584946e-05],147.71652221679688,782.6537254120315
/content/drive/Shared drives/ECE160-Visell-2020/Media Files/similarity_dataFolderSubset//skitzo-hellavator_musick-06-satans_grave-117-146.mp3,Satan\'s Grave (EXCERPT),Skitzo,[0.04947171],129.49134826660156,1940.0157120077733
/content/drive/Shared drives/ECE160-Visell-2020/Media Files/similarity_dataFolderSubset//jami_sieber-hidden_sky-02-out_of_the_mist-88-117.mp3,Out of the Mist (EXCERPT),Jami Sieber,[0.01388876],90.07366943359375,782.7567332727068
/content/drive/Shared drives/ECE160-Visell-2020/Media Files/similarity_dataFolderSubset//richard_savino-murcia__danza_y_diferencias-31-marionas-117-146.mp3,Marionas (EXCERPT),Richard Savino,[0.00036228],151.50950622558594,772.6619629265133
/content/drive/Shared drives/ECE160-Visell-2020/Media Files/similarity_dataFolderSubset//american_baroque-dances_and_suites_of_rameau_and_couperin-30-air_vif_de_lacdemoniens_suite_in_d_from_les_fetes_dhebe_rameau-30-59.mp3,Air vif de lacdemoniens Suite in D from Les Fetes D\'Hebe (Rameau) (EXCERPT),American Baroque,[0.00518509],117.7661361694336,1512.2927385297671
/content/drive/Shared drives/ECE160-Visell-2020/Media Files/similarity_dataFolderSubset//jag-four_strings-25-four_on_the_floor-30-59.mp3,Four On The Floor (EXCERPT),Jag,[0.00137726],95.89083099365234,1423.190939045507
/content/drive/Shared drives/ECE160-Visell-2020/Media Files/similarity_dataFolderSubset//emmas_mini-beat_generation_mad_trick-06-quiescence-88-117.mp3,Quiescence (EXCERPT),Emma\'s Mini,[0.01947641],98.33325958251953,1998.730192592777
/content/drive/Shared drives/ECE160-Visell-2020/Media Files/similarity_dataFolderSubset//dj_cary-eastern_grooves-03-om_asatoma_sad_gamayabeth_quist-204-233.mp3,Om Asatoma Sad Gamaya-Beth Quist (EXCERPT),DJ Cary,[0.01334048],94.84719848632812,1742.034603789568
/content/drive/Shared drives/ECE160-Visell-2020/Media Files/similarity_dataFolderSubset//magnatune-classical-29-leon_mccawley_schumann_from_davidsbundlertanze_op__6-30-59.mp3,Leon McCawley_ Schumann from Davidsbundlertanze Op. 6 (EXCERPT),Magnatune,[0.00232529],150.94630432128906,795.7700596713714
/content/drive/Shared drives/ECE160-Visell-2020/Media Files/similarity_dataFolderSubset//edward_martin-art_of_the_lute_in_renaissance_france-02-basse_dance_la_magdalena_recoupe__tourdion_attaingnant-30-59.mp3,Basse dance _La Magdalena_ -Recoupe - Tourdion (Attaingnant) (EXCERPT),Edward Martin,[0.0059609],123.07015991210938,740.2488227673066
/content/drive/Shared drives/ECE160-Visell-2020/Media Files/similarity_dataFolderSubset//kitka-wintersongs-06-otche_nash_russia_bulgaria-59-88.mp3,Otche Nash (Russia Bulgaria) (EXCERPT),Kitka,[0.00401323],102.22464752197266,1552.637483960983
/content/drive/Shared drives/ECE160-Visell-2020/Media Files/similarity_dataFolderSubset//william_brooks-blue_ribbon__the_best_of_william_brooks-08-justified-30-59.mp3,Justified (EXCERPT),William Brooks,[0.02443854],154.96563720703125,2042.062165983581
/content/drive/Shared drives/ECE160-Visell-2020/Media Files/similarity_dataFolderSubset//thursday_group-first_album-01-innocent_murmur-291-320.mp3,Innocent Murmur (EXCERPT),Thursday Group,[0.01653183],116.8927230834961,2527.812900975421
/content/drive/Shared drives/ECE160-Visell-2020/Media Files/similarity_dataFolderSubset//jag-pretty_girl_blues-11-jags_rag-88-117.mp3,Jag\'s Rag (EXCERPT),Jag,[0.00878021],129.39718627929688,1999.0392161748034
/content/drive/Shared drives/ECE160-Visell-2020/Media Files/similarity_dataFolderSubset//ehren_starks-lines_build_walls-07-run-117-146.mp3,Run (EXCERPT),Ehren Starks,[0.00646794],145.2432098388672,1082.166248302667
/content/drive/Shared drives/ECE160-Visell-2020/Media Files/similarity_dataFolderSubset//processor-insomnia-09-nibtal_7-233-262.mp3,Nibtal 7 (EXCERPT),Processor,[0.0897256],139.74847412109375,2030.4566136808141
/content/drive/Shared drives/ECE160-Visell-2020/Media Files/similarity_dataFolderSubset//zephyrus-angelus-04-ecce_maria_genuit_josquin_des_prez-59-88.mp3,Ecce Maria genuit (Josquin des Prez) (EXCERPT),Zephyrus,[0.00098803],117.83650207519531,1093.0507455807058
/content/drive/Shared drives/ECE160-Visell-2020/Media Files/similarity_dataFolderSubset//william_brooks-karma_dogs-12-still_around-30-59.mp3,Still Around (EXCERPT),William Brooks,[0.01788266],117.08074951171875,1884.0481077074483
/content/drive/Shared drives/ECE160-Visell-2020/Media Files/similarity_dataFolderSubset//jeff_wahl-guinevere-04-freedom-175-204.mp3,Freedom (EXCERPT),Jeff Wahl,[0.00140913],126.08617401123047,1128.8631451422023
/content/drive/Shared drives/ECE160-Visell-2020/Media Files/similarity_dataFolderSubset//strojovna_07-number_1-15-fajront-204-233.mp3,Fajront (EXCERPT),Strojovna 07,[0.07067603],140.02757263183594,2206.7717352036175
/content/drive/Shared drives/ECE160-Visell-2020/Media Files/similarity_dataFolderSubset//william_brooks-bitter_circus-11-shes_right_over_there-59-88.mp3,She\'s Right Over There (EXCERPT),William Brooks,[0.03543397],120.69578552246094,2137.2414292476924
/content/drive/Shared drives/ECE160-Visell-2020/Media Files/similarity_dataFolderSubset//pain_factor-8_seconds-10-siss-146-175.mp3,Siss (EXCERPT),Pain Factor,[0.01058925],108.90682220458984,2155.5081565408045
/content/drive/Shared drives/ECE160-Visell-2020/Media Files/similarity_dataFolderSubset//spinecar-autophile-09-muse-233-262.mp3,Muse (EXCERPT),Spinecar,[0.00452717],118.16313934326172,1478.8151838102474
/content/drive/Shared drives/ECE160-Visell-2020/Media Files/similarity_dataFolderSubset//mijo-fata_morgana-10-noon_moon-146-175.mp3,Noon Moon (EXCERPT),Mijo,[0.0224264],145.70632934570312,1539.521149701643
/content/drive/Shared drives/ECE160-Visell-2020/Media Files/similarity_dataFolderSubset//sherefe-opium-01-gole_sangam-175-204.mp3,Gole Sangam (EXCERPT),Sherefe,[0.0152528],147.0337677001953,1285.538101229554
/content/drive/Shared drives/ECE160-Visell-2020/Media Files/similarity_dataFolderSubset//jag-four_strings-11-sometimes_im_lonely_rag-88-117.mp3,Sometimes I\'m Lonely Rag (EXCERPT),Jag,[0.00292251],107.56392669677734,1811.530573791935
/content/drive/Shared drives/ECE160-Visell-2020/Media Files/similarity_dataFolderSubset//ensemble_vermillian-stolen_jewels-19-buxtehude_sonata_iii_op__i_allegro-59-88.mp3,Buxtehude Sonata III Op. I Allegro (EXCERPT),Ensemble Vermillian,[0.00195335],151.80467224121094,917.6970307575399
/content/drive/Shared drives/ECE160-Visell-2020/Media Files/similarity_dataFolderSubset//yongen-moonrise-09-beauty-233-262.mp3,Beauty (EXCERPT),Yongen,[0.0130989],166.44387817382812,1770.2930935681984
/content/drive/Shared drives/ECE160-Visell-2020/Media Files/similarity_dataFolderSubset//kyiv_chamber_choir-praise_the_lord-07-chesnokovlets_please_joseph-175-204.mp3,Chesnokov-Let\'s Please Joseph (EXCERPT),Kyiv Chamber Choir,[0.00349789],121.15365600585938,1529.5293872161249
/content/drive/Shared drives/ECE160-Visell-2020/Media Files/similarity_dataFolderSubset//mrdc-timecode-07-leaving-30-59.mp3,Leaving (EXCERPT),MRDC,[0.01796683],80.0871810913086,1756.3870323770134
/content/drive/Shared drives/ECE160-Visell-2020/Media Files/similarity_dataFolderSubset//vito_paternoster-inzaffirio-11-preludio_vi-88-117.mp3,Preludio VI (EXCERPT),Vito Paternoster,[0.00026524],146.30413818359375,1219.0980310938921
/content/drive/Shared drives/ECE160-Visell-2020/Media Files/similarity_dataFolderSubset//soulprint-in_spite_of_it_all-03-fua-175-204.mp3,FUA (EXCERPT),SoulPrint,[0.01739939],132.90426635742188,1972.9782274239158
/content/drive/Shared drives/ECE160-Visell-2020/Media Files/similarity_dataFolderSubset//apa_ya-apa_ya-08-bahai_don_mi-59-88.mp3,Ba\'hai don mi (EXCERPT),Apa Ya,[0.01336148],83.7286605834961,1484.0685847046952
/content/drive/Shared drives/ECE160-Visell-2020/Media Files/similarity_dataFolderSubset//spinecar-up_from_the_mud-03-smoke-30-59.mp3,Smoke (EXCERPT),Spinecar,[0.01108935],122.5118179321289,1700.3850921231297
/content/drive/Shared drives/ECE160-Visell-2020/Media Files/similarity_dataFolderSubset//heavy_mellow-horizons-08-laurel_river_trail-117-146.mp3,Laurel River Trail (EXCERPT),Heavy Mellow,[0.00254713],78.5624771118164,1949.0804037472126
/content/drive/Shared drives/ECE160-Visell-2020/Media Files/similarity_dataFolderSubset//magnatune_com-magnatune_at_the_cc_salon-02-inner_2_curl-175-204.mp3,Inner 2 (Curl) (EXCERPT),Magnatune.com,[0.00856611],67.97574615478516,2258.5503531698077
/content/drive/Shared drives/ECE160-Visell-2020/Media Files/similarity_dataFolderSubset//shira_kammen-the_almanac-18-quant_je_vois_yver_retorner-88-117.mp3,Quant Je Vois Yver Retorner (EXCERPT),Shira Kammen,[0.01767343],107.8407211303711,1674.6331269542684
/content/drive/Shared drives/ECE160-Visell-2020/Media Files/similarity_dataFolderSubset//drevo-christian_themes_in_ukrainian_folk_songs-16-what_wonderful_news-146-175.mp3,What wonderful news (EXCERPT),Drevo,[0.01015995],120.11305236816406,1413.8172237240417
/content/drive/Shared drives/ECE160-Visell-2020/Media Files/similarity_dataFolderSubset//skitzo-heavy_shit-10-catacombs-175-204.mp3,Catacombs (EXCERPT),Skitzo,[0.03539481],123.07598114013672,2145.6194019159616
/content/drive/Shared drives/ECE160-Visell-2020/Media Files/similarity_dataFolderSubset//tim_rayborn-ashek-08-ravan-755-784.mp3,Ravan (EXCERPT),Tim Rayborn,[0.00410046],164.7893524169922,1884.9751784535272
/content/drive/Shared drives/ECE160-Visell-2020/Media Files/similarity_dataFolderSubset//janine_johnson-j_s__bach_works_for_harpsichord-06-english_suite_no_2_in_a_minor__bourree-233-262.mp3,English Suite No 2 in A Minor - Bourree (EXCERPT),Janine Johnson,[0.00272562],100.60961151123047,1991.1419468563527
/content/drive/Shared drives/ECE160-Visell-2020/Media Files/similarity_dataFolderSubset//curl-ultimate_station-08-ultimate_station-59-88.mp3,Ultimate Station (EXCERPT),Curl,[0.0083967],109.92939758300781,1530.6624736835547
/content/drive/Shared drives/ECE160-Visell-2020/Media Files/similarity_dataFolderSubset//shira_kammen-the_almanac-19-the_almanac-88-117.mp3,The Almanac (EXCERPT),Shira Kammen,[0.01568208],122.85747528076172,1539.9331811443449
/content/drive/Shared drives/ECE160-Visell-2020/Media Files/similarity_dataFolderSubset//stellamara-star_of_the_sea-02-kereshme-59-88.mp3,Kereshme (EXCERPT),Stellamara,[0.00477955],135.6818389892578,1144.3486601970774
/content/drive/Shared drives/ECE160-Visell-2020/Media Files/similarity_dataFolderSubset//williamson-a_few_things_to_hear_before_we_all_blow_up-10-a-117-146.mp3,A- (EXCERPT),Williamson,[0.01109129],110.14825439453125,1299.718850049207
/content/drive/Shared drives/ECE160-Visell-2020/Media Files/similarity_dataFolderSubset//richard_savino-murcia__danza_y_diferencias-13-rondo-30-59.mp3,Rondo (EXCERPT),Richard Savino,[0.0004621],99.78034973144531,756.4897288004684
/content/drive/Shared drives/ECE160-Visell-2020/Media Files/similarity_dataFolderSubset//ambient_teknology-phoenix-02-goa_life-146-175.mp3,Goa Life (EXCERPT),Ambient Teknology,[0.03713657],90.01798248291016,1420.2380470394778
/content/drive/Shared drives/ECE160-Visell-2020/Media Files/similarity_dataFolderSubset//american_bach_soloists-joseph_haydn__masses-07-et_resurrexit__vivace-117-146.mp3,Et resurrexit - Vivace (EXCERPT),American Bach Soloists,[0.0009107],120.881591796875,1320.5607738592055
/content/drive/Shared drives/ECE160-Visell-2020/Media Files/similarity_dataFolderSubset//paul_avgerinos-words_touch-08-in_my_heart-59-88.mp3,In My Heart (EXCERPT),Paul Avgerinos,[0.00160683],184.57037353515625,802.4312346617169
/content/drive/Shared drives/ECE160-Visell-2020/Media Files/similarity_dataFolderSubset//jeni_melia-the_last_of_old_england-03-to_ask_for_all_thy_love_dowland-30-59.mp3,To ask for all thy love (Dowland) (EXCERPT),Jeni Melia,[0.0024761],90.82575988769531,974.2140103148007
/content/drive/Shared drives/ECE160-Visell-2020/Media Files/similarity_dataFolderSubset//norine_braun-modern_anguish-06-states_of_faith-146-175.mp3,States of Faith (EXCERPT),Norine Braun,[0.03015981],112.29532623291016,1968.789241089781
/content/drive/Shared drives/ECE160-Visell-2020/Media Files/similarity_dataFolderSubset//janine_johnson-german_keyboard_masters-18-von_der_geburt_christi_pachelbel-88-117.mp3,Von der Geburt Christi (Pachelbel) (EXCERPT),Janine Johnson,[0.00112922],172.26559448242188,1794.8776363160714
/content/drive/Shared drives/ECE160-Visell-2020/Media Files/similarity_dataFolderSubset//rapoon-cidar-06-noord-88-117.mp3,Noord (EXCERPT),Rapoon,[0.00937748],74.13167572021484,969.0636172810284
/content/drive/Shared drives/ECE160-Visell-2020/Media Files/similarity_dataFolderSubset//four_stones-chronic_dreams-10-brilliant_day_eine_kleine_mix-175-204.mp3,Brilliant Day (Eine Kleine Mix) (EXCERPT),Four Stones,[0.00653695],117.58200073242188,1340.200939294657
/content/drive/Shared drives/ECE160-Visell-2020/Media Files/similarity_dataFolderSubset//the_wretch-cyst-05-frozen_love-0-29.mp3,Frozen Love (EXCERPT),The Wretch,[0.02269712],90.30845642089844,1450.556694031617
/content/drive/Shared drives/ECE160-Visell-2020/Media Files/similarity_dataFolderSubset//paul_avgerinos-balancing_spheres-02-night_illusions__balancing_spheres-88-117.mp3,Night Illusions - Balancing Spheres (EXCERPT),Paul Avgerinos,[0.00297651],120.20653533935547,948.4620451459394
/content/drive/Shared drives/ECE160-Visell-2020/Media Files/similarity_dataFolderSubset//falling_you-human-04-bring_down_the_stars-175-204.mp3,Bring Down The Stars (EXCERPT),Falling You,[0.00708633],93.21302795410156,1037.7355243979919
/content/drive/Shared drives/ECE160-Visell-2020/Media Files/similarity_dataFolderSubset//domased-slowdown-08-ice_flowers_on_the_window-436-465.mp3,Ice Flowers On The Window (EXCERPT),Domased,[0.00904473],119.8991470336914,1761.1940658752007
/content/drive/Shared drives/ECE160-Visell-2020/Media Files/similarity_dataFolderSubset//o_fickle_fortune-a_celebration_of_robert_burns-07-the_birks_of_aberfeldy-0-29.mp3,The Birks of Aberfeldy (EXCERPT),O Fickle Fortune,[0.00041311],164.1038360595703,1583.3338264422657
/content/drive/Shared drives/ECE160-Visell-2020/Media Files/similarity_dataFolderSubset//kenji_williams-faces_of_epiphany-08-free_energy-204-233.mp3,Free Energy (EXCERPT),Kenji Williams,[0.0314819],142.5598602294922,1536.1905622064703
/content/drive/Shared drives/ECE160-Visell-2020/Media Files/similarity_dataFolderSubset//american_bach_soloists-joseph_haydn__masses-08-sanctus__adagio__allegro-59-88.mp3,Sanctus - Adagio - Allegro (EXCERPT),American Bach Soloists,[0.00083265],129.7307891845703,1324.9214399611326
/content/drive/Shared drives/ECE160-Visell-2020/Media Files/similarity_dataFolderSubset//monks_and_choirs_of_kiev_pechersk_lavra-chants_of_the_russian_orthodox_church-09-o_gladsome_radiance-59-88.mp3,O gladsome Radiance (EXCERPT),Monks and Choirs of Kiev Pechersk Lavra,[0.01495908],122.38548278808594,1509.5458622450885
/content/drive/Shared drives/ECE160-Visell-2020/Media Files/similarity_dataFolderSubset//rocket_city_riot-middle_age_suicide-09-die_today-88-117.mp3,Die Today (EXCERPT),Rocket City Riot,[0.03843061],110.61768341064453,1976.0341272906207
/content/drive/Shared drives/ECE160-Visell-2020/Media Files/similarity_dataFolderSubset//new_york_consort_of_viols-dances_and_canzonas_of_holborne_and_brade-01-3_almaines_holborne-204-233.mp3,3 Almaines (Holborne) (EXCERPT),New York Consort of Viols,[0.00369203],143.21990966796875,1407.3620644550472
/content/drive/Shared drives/ECE160-Visell-2020/Media Files/similarity_dataFolderSubset//mr_gelatine-electroluv-08-they_are_coming-117-146.mp3,they are coming (EXCERPT),Mr Gelatine,[0.01552248],123.78829956054688,1170.8216803906669
/content/drive/Shared drives/ECE160-Visell-2020/Media Files/similarity_dataFolderSubset//ralph_meulenbroeks-gambomania-17-now_i_come_tobias_hume-30-59.mp3,-Now I come (Tobias Hume)- (EXCERPT),Ralph Meulenbroeks,[0.00472652],128.64833068847656,1235.3046011734955
/content/drive/Shared drives/ECE160-Visell-2020/Media Files/similarity_dataFolderSubset//shira_kammen-the_castle_of_the_holly_king-06-cutty_wren-59-88.mp3,Cutty Wren (EXCERPT),Shira Kammen,[0.01195654],178.20582580566406,1529.0143479127478
/content/drive/Shared drives/ECE160-Visell-2020/Media Files/similarity_dataFolderSubset//strojovna_07-number_1-14-blaudisco-59-88.mp3,Blaudisco (EXCERPT),Strojovna 07,[0.06327209],72.02242279052734,1423.0879311848316
/content/drive/Shared drives/ECE160-Visell-2020/Media Files/similarity_dataFolderSubset//norine_braun-now_and_zen-13-lucky_13-88-117.mp3,Lucky 13 (EXCERPT),Norine Braun,[0.01233312],111.91193389892578,1467.9306865322087
/content/drive/Shared drives/ECE160-Visell-2020/Media Files/similarity_dataFolderSubset//williamson-a_few_things_to_hear_before_we_all_blow_up-06-were_all_boned-30-59.mp3,we\'re all boned (EXCERPT),Williamson,[0.02320811],178.2058563232422,2077.5312060094925
/content/drive/Shared drives/ECE160-Visell-2020/Media Files/similarity_dataFolderSubset//strojovna_07-switch_on__switch_off-14-sonos-30-59.mp3,Sonos (EXCERPT),Strojovna 07,[0.01638435],112.36016845703125,729.0896378607999
/content/drive/Shared drives/ECE160-Visell-2020/Media Files/similarity_dataFolderSubset//falik-streaks_and_strokes-10-the_last_faery-204-233.mp3,The last faery (EXCERPT),Falik,[0.00690109],89.69596099853516,2126.4256038767703
/content/drive/Shared drives/ECE160-Visell-2020/Media Files/similarity_dataFolderSubset//john_jackson-bad_things_happen_all_the_time-03-mission_creep-0-29.mp3,Mission Creep (EXCERPT),John Jackson,[0.00224437],139.93325805664062,1731.1157705579708
/content/drive/Shared drives/ECE160-Visell-2020/Media Files/similarity_dataFolderSubset//paul_avgerinos-phos_hilaron-01-humbly_i_adore_thee-291-320.mp3,Humbly I Adore Thee (EXCERPT),Paul Avgerinos,[0.00782154],122.0063247680664,1192.5563389931858
/content/drive/Shared drives/ECE160-Visell-2020/Media Files/similarity_dataFolderSubset//ehren_starks-the_depths_of_a_year-02-sunset_in_pensacola-30-59.mp3,Sunset in Pensacola (EXCERPT),Ehren Starks,[0.00024411],91.20356750488281,754.6012513547519
/content/drive/Shared drives/ECE160-Visell-2020/Media Files/similarity_dataFolderSubset//jesse_manno-sea_spirits-09-tidur-0-29.mp3,Tidur (EXCERPT),Jesse Manno,[0.00297171],74.34858703613281,1160.280542648213
/content/drive/Shared drives/ECE160-Visell-2020/Media Files/similarity_dataFolderSubset//tilopa-kyotaku_live-01-yamato_choshi-30-59.mp3,Yamato Choshi (EXCERPT),Tilopa,[0.01042265],111.19014739990234,729.1239738143585
/content/drive/Shared drives/ECE160-Visell-2020/Media Files/similarity_dataFolderSubset//shira_kammen-music_of_waters-13-frog_drums-88-117.mp3,Frog Drums (EXCERPT),Shira Kammen,[0.00793476],162.15020751953125,1122.4079858732077
/content/drive/Shared drives/ECE160-Visell-2020/Media Files/similarity_dataFolderSubset//lvx_nova-lvx_nova-06-ghanian_sunset-262-291.mp3,-Ghanian Sunset- (EXCERPT),LVX Nova,[0.00482334],96.66985321044922,2353.1115692698663
/content/drive/Shared drives/ECE160-Visell-2020/Media Files/similarity_dataFolderSubset//mandrake_root-the_seventh_mirror-05-build_o_burn-146-175.mp3,Build o Burn (EXCERPT),Mandrake Root,[0.01174718],112.38520812988281,2115.712786366524
/content/drive/Shared drives/ECE160-Visell-2020/Media Files/similarity_dataFolderSubset//stargarden-step_off-02-bounced-204-233.mp3,Bounced (EXCERPT),Stargarden,[0.0227883],137.74024963378906,1795.5986913407994
/content/drive/Shared drives/ECE160-Visell-2020/Media Files/similarity_dataFolderSubset//paul_avgerinos-muse_of_the_round_sky-08-becalmed-146-175.mp3,Becalmed (EXCERPT),Paul Avgerinos,[0.00956647],113.39392852783203,563.2469821733334
/content/drive/Shared drives/ECE160-Visell-2020/Media Files/similarity_dataFolderSubset//paul_berget-the_siena_manuscript_on_steel_string_guitar-02-recercar_2_steel_string_guitar-30-59.mp3,Recercar 2 (steel string guitar) (EXCERPT),Paul Berget,[0.00106794],151.20095825195312,1518.850905659437
/content/drive/Shared drives/ECE160-Visell-2020/Media Files/similarity_dataFolderSubset//paul_avgerinos-muse_of_the_round_sky-09-the_night_sky-88-117.mp3,The Night Sky (EXCERPT),Paul Avgerinos,[0.00150422],112.72603607177734,645.8936223885988
/content/drive/Shared drives/ECE160-Visell-2020/Media Files/similarity_dataFolderSubset//rocket_city_riot-pop_killer-12-cut_me_out-146-175.mp3,Cut me out (EXCERPT),Rocket City Riot,[0.04462699],133.52854919433594,2078.9389801053903
/content/drive/Shared drives/ECE160-Visell-2020/Media Files/similarity_dataFolderSubset//tom_paul-i_was_king-11-the_best_in_me-59-88.mp3,The best in me (EXCERPT),Tom Paul,[0.04769258],129.71823120117188,1693.6895811792258
/content/drive/Shared drives/ECE160-Visell-2020/Media Files/similarity_dataFolderSubset//drevo-christian_themes_in_ukrainian_folk_songs-21-yesterday_night_from_the_sky_yard-59-88.mp3,Yesterday night from the sky yard (EXCERPT),Drevo,[0.00974578],104.42735290527344,1894.9669409390453
/content/drive/Shared drives/ECE160-Visell-2020/Media Files/similarity_dataFolderSubset//falik-dreams_from_the_machine-02-the_searching_light-88-117.mp3,The Searching Light (EXCERPT),Falik,[0.02171972],126.05054473876953,1823.6855013516374
/content/drive/Shared drives/ECE160-Visell-2020/Media Files/similarity_dataFolderSubset//glen_bledsoe-octopants-18-gold_spun-175-204.mp3,Gold Spun (EXCERPT),Glen Bledsoe,[0.0003524],80.68899536132812,1719.0295149053852
/content/drive/Shared drives/ECE160-Visell-2020/Media Files/similarity_dataFolderSubset//arthur_yoria-ill_be_here_awake-04-here_to_stay-233-262.mp3,Here to Stay (EXCERPT),Arthur Yoria,[0.05841182],149.76377868652344,1810.466159231622
/content/drive/Shared drives/ECE160-Visell-2020/Media Files/similarity_dataFolderSubset//telemann_trio_berlin-telemann_trio_berlin-06-concerto_in_ddur__andante_vivaldi-30-59.mp3,Concerto in D-Dur - Andante (Vivaldi) (EXCERPT),Telemann Trio Berlin,[0.00393877],163.23556518554688,1099.471568896142
/content/drive/Shared drives/ECE160-Visell-2020/Media Files/similarity_dataFolderSubset//philharmonia_baroque-cd2_scarlatti__cecilian_vespers-05-psalm_147_lauda_jerusalem-117-146.mp3,Psalm 147_ Lauda Jerusalem (EXCERPT),Philharmonia Baroque,[0.00143306],110.1314926147461,1272.7994624593573
/content/drive/Shared drives/ECE160-Visell-2020/Media Files/similarity_dataFolderSubset//etherine-gleam-03-if-30-59.mp3,If (EXCERPT),Etherine,[0.00208768],161.68505859375,1298.1050602319583
/content/drive/Shared drives/ECE160-Visell-2020/Media Files/similarity_dataFolderSubset//philharmonia_baroque_orchestra-handel__atalanta_cd1-10-recitativo_perche_sospesa_o_figlia-0-29.mp3,Recitativo_ Perche sospesa o figlia (EXCERPT),Philharmonia Baroque Orchestra,[0.00023268],125.5281982421875,1493.6483157475116
/content/drive/Shared drives/ECE160-Visell-2020/Media Files/similarity_dataFolderSubset//american_baroque-dances_and_suites_of_rameau_and_couperin-22-la_rossignol_vainquer_xiveme_ordre_couperin-88-117.mp3,La Rossignol vainquer XIVeme Ordre (Couperin) (EXCERPT),American Baroque,[0.00251321],120.12496185302734,1803.7363123341597
/content/drive/Shared drives/ECE160-Visell-2020/Media Files/similarity_dataFolderSubset//daniel_ben_pienaar-book_2_cd2_welltempered_clavier-19-prelude_and_fugue_no__22_in_bflat_minor_bwv_891_praeludium-59-88.mp3,Prelude And Fugue No. 22 In B-Flat Minor BWV 891_ Praeludium (EXCERPT),Daniel Ben Pienaar,[0.00089898],136.0463104248047,667.7656248053518
/content/drive/Shared drives/ECE160-Visell-2020/Media Files/similarity_dataFolderSubset//magnatune_compilation-rock-15-trancevision_enertia-30-59.mp3,TranceVision_ Enertia (EXCERPT),Magnatune Compilation,[0.02306928],140.0066680908203,1587.2824611014912
/content/drive/Shared drives/ECE160-Visell-2020/Media Files/similarity_dataFolderSubset//jacob_heringman-holburns_passion-23-galliard_cittern_with_a_bass-30-59.mp3,Galliard (Cittern with a bass) (EXCERPT),Jacob Heringman,[0.00128355],108.35911560058594,1444.7195819266751
/content/drive/Shared drives/ECE160-Visell-2020/Media Files/similarity_dataFolderSubset//stargarden-ambient_excursions-01-ghosts_of_ocean_gardens-175-204.mp3,Ghosts of Ocean Gardens (EXCERPT),Stargarden,[0.005299],118.59697723388672,1053.9077585240366
/content/drive/Shared drives/ECE160-Visell-2020/Media Files/similarity_dataFolderSubset//shira_kammen-the_almanac-05-the_leaves_be_green-146-175.mp3,The Leaves Be Green (EXCERPT),Shira Kammen,[0.01404739],96.33381652832031,1422.2295323458698
/content/drive/Shared drives/ECE160-Visell-2020/Media Files/similarity_dataFolderSubset//katherine_roberts_perl-j_s__bach_french_suites-26-suite_no_5_in_g_major_bwv_816_gigue-175-204.mp3,Suite No 5 in G major BWV 816_ Gigue (EXCERPT),Katherine Roberts Perl,[0.00463875],172.26564025878906,2110.768409054103
/content/drive/Shared drives/ECE160-Visell-2020/Media Files/similarity_dataFolderSubset//sand_craig_and_dornenburg-biber_violin_sonatas-07-biber_rosary_sonata_12_in_c_major_the_ascension-0-29.mp3,Biber_ Rosary Sonata 12 in C Major The Ascension (EXCERPT),Sand Craig and Dornenburg,[0.00430766],117.09254455566406,1759.0995727081333
/content/drive/Shared drives/ECE160-Visell-2020/Media Files/similarity_dataFolderSubset//ensemble_mirable-triemer_six_cello_sonatas-07-sonata_2_allegroadagio-30-59.mp3,Sonata 2 (Allegro-Adagio) (EXCERPT),Ensemble Mirable,[0.00177336],95.16376495361328,1314.3459662651203
/content/drive/Shared drives/ECE160-Visell-2020/Media Files/similarity_dataFolderSubset//dj_cary-downtempo_chill_2-07-son_of_ambriel_cargo_cult-117-146.mp3,Son of Ambriel (Cargo Cult) (EXCERPT),DJ Cary,[0.01492414],82.98223114013672,2012.636253783962
/content/drive/Shared drives/ECE160-Visell-2020/Media Files/similarity_dataFolderSubset//cargo_cult-alchemy-13-matt-204-233.mp3,Matt (EXCERPT),Cargo Cult,[0.01639434],141.65786743164062,756.3867209397929
/content/drive/Shared drives/ECE160-Visell-2020/Media Files/similarity_dataFolderSubset//jacob_heringman_and_catherine_king-alonso_mudarra_songs_and_solos-23-claros_y_frescos_rios-175-204.mp3,Claros y frescos rios (EXCERPT),Jacob Heringman and Catherine King,[0.00049766],97.62364196777344,1086.1835548690094
/content/drive/Shared drives/ECE160-Visell-2020/Media Files/similarity_dataFolderSubset//strojovna_07-dirnix-05-kruhovy_objazd-117-146.mp3,Kruhovy objazd (EXCERPT),Strojovna 07,[0.06755493],144.82461547851562,2212.849198983469
/content/drive/Shared drives/ECE160-Visell-2020/Media Files/similarity_dataFolderSubset//curl-inner-01-sunday_bed-59-88.mp3,Sunday Bed (EXCERPT),Curl,[0.04987944],83.70950317382812,1897.9541688986333
/content/drive/Shared drives/ECE160-Visell-2020/Media Files/similarity_dataFolderSubset//mrdc-timecode-03-dna-59-88.mp3,DNA (EXCERPT),MRDC,[0.02271384],100.00595092773438,1827.0504248003688
/content/drive/Shared drives/ECE160-Visell-2020/Media Files/similarity_dataFolderSubset//new_york_consort_of_viols-dances_and_canzonas_of_holborne_and_brade-09-galliard_holborne-30-59.mp3,Galliard (Holborne) (EXCERPT),New York Consort of Viols,[0.00270966],117.64663696289062,1666.976209310727
/content/drive/Shared drives/ECE160-Visell-2020/Media Files/similarity_dataFolderSubset//philharmonia_baroque_orchestra-handel__atalanta_cd1-26-aria_si_mel_raccordero-117-146.mp3,Aria_ Si_ mel raccordero (EXCERPT),Philharmonia Baroque Orchestra,[0.00045194],109.94514465332031,1493.3736281190438
/content/drive/Shared drives/ECE160-Visell-2020/Media Files/similarity_dataFolderSubset//dj_cary-eastern_grooves-08-arabesquehans_christian-262-291.mp3,Arabesque-Hans Christian (EXCERPT),DJ Cary,[0.01150438],101.40406799316406,1505.082188282486
/content/drive/Shared drives/ECE160-Visell-2020/Media Files/similarity_dataFolderSubset//norine_braun-miles_to_go-11-jenny-30-59.mp3,Jenny (EXCERPT),Norine Braun,[0.01836789],145.9198455810547,1727.6135032950058
/content/drive/Shared drives/ECE160-Visell-2020/Media Files/similarity_dataFolderSubset//hans_christian-phantoms-04-phantoms-0-29.mp3,Phantoms (EXCERPT),Hans Christian,[0.00256636],163.7002716064453,972.668892404669
/content/drive/Shared drives/ECE160-Visell-2020/Media Files/similarity_dataFolderSubset//american_bach_soloists-j_s__bach_solo_cantatas-01-bwv54__i_aria-146-175.mp3,BWV54 - I Aria (EXCERPT),American Bach Soloists,[0.0004112],128.8848114013672,1546.285332552664
/content/drive/Shared drives/ECE160-Visell-2020/Media Files/similarity_dataFolderSubset//cargo_cult-vibrant-06-vibrant-117-146.mp3,Vibrant (EXCERPT),Cargo Cult,[0.01766549],80.24629974365234,1862.4507929191632
/content/drive/Shared drives/ECE160-Visell-2020/Media Files/similarity_dataFolderSubset//vito_paternoster-cd1bach_cello_suites-13-suite_vi_in_re_magiore__prelude-30-59.mp3,Suite VI in Re magiore - prelude (EXCERPT),Vito Paternoster,[0.00365111],148.0735626220703,1198.0157556089844
/content/drive/Shared drives/ECE160-Visell-2020/Media Files/similarity_dataFolderSubset//shira_kammen-the_almanac-04-may_carol-59-88.mp3,May Carol (EXCERPT),Shira Kammen,[0.019718],80.60113525390625,1711.2695894011686
/content/drive/Shared drives/ECE160-Visell-2020/Media Files/similarity_dataFolderSubset//les_filles_de_sainte_colombe-german_music_for_viols_and_harpsichord-06-sonata_viii_in_c_minor_schenck-407-436.mp3,Sonata VIII in C minor (Schenck) (EXCERPT),Les Filles de Sainte Colombe,[0.0004626],132.26499938964844,1530.5594658228795
/content/drive/Shared drives/ECE160-Visell-2020/Media Files/similarity_dataFolderSubset//falik-the_ballad_of_el_efe-04-le_dolce_llama-146-175.mp3,Le Dolce Llama (EXCERPT),Falik,[0.0077678],119.98519134521484,2491.0390947142873
/content/drive/Shared drives/ECE160-Visell-2020/Media Files/similarity_dataFolderSubset//richard_savino-mertz__bardic_sounds-12-prayer-175-204.mp3,Prayer (EXCERPT),Richard Savino,[0.00033257],111.13570404052734,652.4517895182689
/content/drive/Shared drives/ECE160-Visell-2020/Media Files/similarity_dataFolderSubset//mandrake_root-the_seventh_mirror-01-kings_of_the_desert-88-117.mp3,Kings of the Desert (EXCERPT),Mandrake Root,[0.00757013],148.0703582763672,1712.299668007923
/content/drive/Shared drives/ECE160-Visell-2020/Media Files/similarity_dataFolderSubset//jeff_wahl-guinevere-15-her_beauty-30-59.mp3,Her beauty (EXCERPT),Jeff Wahl,[0.00641709],105.1390380859375,1256.1808609370523
/content/drive/Shared drives/ECE160-Visell-2020/Media Files/similarity_dataFolderSubset//ya_elah-each_of_us-02-yipatach_libi-88-117.mp3,Yipatach Libi (EXCERPT),Ya Elah,[0.00510767],118.0183334350586,1594.6303551630062
/content/drive/Shared drives/ECE160-Visell-2020/Media Files/similarity_dataFolderSubset//the_art_of_the_lute_player-the_art_of_the_lute_player-13-galliard_the_fairy_rownde__antony_holborne__jacob_heringman-30-59.mp3,Galliard_ The fairy rownde _ Antony Holborne - Jacob Heringman (EXCERPT),The Art of the Lute Player,[0.00303472],106.12059020996094,776.061222328803
/content/drive/Shared drives/ECE160-Visell-2020/Media Files/similarity_dataFolderSubset//the_napoleon_blown_aparts-thrill_hype-04-sonny-88-117.mp3,Sonny (EXCERPT),The Napoleon Blown Aparts,[0.05108436],112.40829467773438,2103.042819503444
/content/drive/Shared drives/ECE160-Visell-2020/Media Files/similarity_dataFolderSubset//the_wretch-cyst-03-tendril-146-175.mp3,Tendril (EXCERPT),The Wretch,[0.01646813],77.33428192138672,2346.8967616757814
/content/drive/Shared drives/ECE160-Visell-2020/Media Files/similarity_dataFolderSubset//paul_berget-j_s__bach_on_the_lute-05-bouree__bwv_996-30-59.mp3,Bouree  (BWV 996) (EXCERPT),Paul Berget,[0.00237235],122.84626770019531,1125.7729093219389
/content/drive/Shared drives/ECE160-Visell-2020/Media Files/similarity_dataFolderSubset//magnatune-red_hat_summit_compilation-14-human_response__the_loss-175-204.mp3,Human Response - The Loss (EXCERPT),Magnatune,[0.00619348],93.07566833496094,1807.1699076900077
/content/drive/Shared drives/ECE160-Visell-2020/Media Files/similarity_dataFolderSubset//janine_johnson-bach_goldberg_variations-15-variatio_14_a_2_clav-0-29.mp3,Variatio 14 a 2 Clav (EXCERPT),Janine Johnson,[0.00135602],91.05084991455078,2275.0316108778793
/content/drive/Shared drives/ECE160-Visell-2020/Media Files/similarity_dataFolderSubset//cargo_cult-alchemy-04-dirt-175-204.mp3,Dirt (EXCERPT),Cargo Cult,[0.0120385],119.91974639892578,2070.423663622887
/content/drive/Shared drives/ECE160-Visell-2020/Media Files/similarity_dataFolderSubset//pizzle-party_patrol-13-mobile_meth_lab-30-59.mp3,Mobile meth lab (EXCERPT),Pizzle,[0.02426],100.66880798339844,1857.09438416404
/content/drive/Shared drives/ECE160-Visell-2020/Media Files/similarity_dataFolderSubset//liquid_zen-elements_at_loop_10-03-slip_into_surreal-233-262.mp3,Slip Into Surreal (EXCERPT),Liquid Zen,[0.02662684],99.41874694824219,1564.8610834278027
/content/drive/Shared drives/ECE160-Visell-2020/Media Files/similarity_dataFolderSubset//various_artists-the_2007_magnatune_records_sampler-06-suerte_mijo_arthur_yoria-30-59.mp3,Suerte Mijo (Arthur Yoria) (EXCERPT),Various Artists,[0.02707719],115.14568328857422,1969.9566635107694
/content/drive/Shared drives/ECE160-Visell-2020/Media Files/similarity_dataFolderSubset//magnatune_compilation-new_age_and_jazz-09-bjorn_fogelberg_karooshi_porn-30-59.mp3,Bjorn Fogelberg_ Karooshi Porn (EXCERPT),Magnatune Compilation,[0.01038359],136.13885498046875,1350.4330534550845
/content/drive/Shared drives/ECE160-Visell-2020/Media Files/similarity_dataFolderSubset//lisa_debenedictis-tigers-01-tigers-59-88.mp3,Tigers (EXCERPT),Lisa DeBenedictis,[0.00978613],163.36659240722656,1398.5033884369589
/content/drive/Shared drives/ECE160-Visell-2020/Media Files/similarity_dataFolderSubset//monks_and_choirs_of_kiev_pechersk_lavra-chants_of_the_russian_orthodox_church-22-wonderful_news-0-29.mp3,Wonderful news (EXCERPT),Monks and Choirs of Kiev Pechersk Lavra,[0.00556047],111.48178100585938,1489.0472979706751
/content/drive/Shared drives/ECE160-Visell-2020/Media Files/similarity_dataFolderSubset//mrdc-plethora-04-fastcars-30-59.mp3,FastCars (EXCERPT),MRDC,[0.03748465],70.42089080810547,1883.1897088684862
/content/drive/Shared drives/ECE160-Visell-2020/Media Files/similarity_dataFolderSubset//the_bots-now_is_the_time-10-now_is_the_time-30-59.mp3,Now Is The Time (EXCERPT),The Bots,[0.0339423],120.10340118408203,1719.1668587196193
/content/drive/Shared drives/ECE160-Visell-2020/Media Files/similarity_dataFolderSubset//ivilion-sartinal-06-hshante-204-233.mp3,Hshante (EXCERPT),Ivilion,[0.01437681],87.5791244506836,1113.1372784124176
/content/drive/Shared drives/ECE160-Visell-2020/Media Files/similarity_dataFolderSubset//richard_savino-legrenzi__venice_before_vivaldi-09-sarabanda_seconda-59-88.mp3,Sarabanda Seconda (EXCERPT),Richard Savino,[0.00050804],94.99134826660156,1306.9294002964882
/content/drive/Shared drives/ECE160-Visell-2020/Media Files/similarity_dataFolderSubset//c_layne-the_sun_will_come_out_to_blind_you-09-fight_the_sea-117-146.mp3,Fight The Sea (EXCERPT),C Layne,[0.01608818],104.80530548095703,1818.4664364107482
/content/drive/Shared drives/ECE160-Visell-2020/Media Files/similarity_dataFolderSubset//hans_christian-surrender-04-shrouded-88-117.mp3,Shrouded (EXCERPT),Hans Christian,[0.01122452],123.73551177978516,1410.1776126468426
/content/drive/Shared drives/ECE160-Visell-2020/Media Files/similarity_dataFolderSubset//philharmonia_baroque_orchestra-handel__atalanta_cd1-04-arioso_care_selve-88-117.mp3,Arioso_ Care selve (EXCERPT),Philharmonia Baroque Orchestra,[0.00077762],82.10204315185547,1209.5183000510756
/content/drive/Shared drives/ECE160-Visell-2020/Media Files/similarity_dataFolderSubset//solace-balance-06-kimono_mojo-175-204.mp3,Kimono Mojo (EXCERPT),Solace,[0.01347912],99.84165954589844,1716.1109588529143
/content/drive/Shared drives/ECE160-Visell-2020/Media Files/similarity_dataFolderSubset//joram-moments_of_clarity-13-plenilune-262-291.mp3,plenilune (EXCERPT),Joram,[0.03394731],142.0150604248047,1709.2094321876596
/content/drive/Shared drives/ECE160-Visell-2020/Media Files/similarity_dataFolderSubset//lisa_debenedictis-mixter_one-11-cuckoo_liquid_ambient_cloud_mix_by_sharp-204-233.mp3,Cuckoo (Liquid Ambient Cloud Mix) by Sharp (EXCERPT),Lisa DeBenedictis,[0.04227179],103.75860595703125,590.4067214380925
/content/drive/Shared drives/ECE160-Visell-2020/Media Files/similarity_dataFolderSubset//tilopa-pictures_of_silence-01-ichi-175-204.mp3,Ichi (EXCERPT),Tilopa,[0.00605148],117.29341888427734,789.4522442166108
/content/drive/Shared drives/ECE160-Visell-2020/Media Files/similarity_dataFolderSubset//plunkett-14_days-10-out_at_sea-88-117.mp3,Out At Sea (EXCERPT),Plunkett,[0.01300281],103.92236328125,1847.37730930699
/content/drive/Shared drives/ECE160-Visell-2020/Media Files/similarity_dataFolderSubset//justin_bianco-finality-08-it_can_save_you-30-59.mp3,It Can Save You (EXCERPT),Justin Bianco,[0.00704656],119.96195983886719,1765.0053567201924
/content/drive/Shared drives/ECE160-Visell-2020/Media Files/similarity_dataFolderSubset//rhonda_lorence-winter_moon-06-steamy_river-233-262.mp3,Steamy River (EXCERPT),Rhonda Lorence,[0.00636657],112.31070709228516,1457.0118533006116
/content/drive/Shared drives/ECE160-Visell-2020/Media Files/similarity_dataFolderSubset//briddes_roune-lenten_is_come-16-brid_by_a_strem-59-88.mp3,Brid by a strem (EXCERPT),Briddes Roune,[0.03451183],172.26559448242188,649.9796008620582
/content/drive/Shared drives/ECE160-Visell-2020/Media Files/similarity_dataFolderSubset//dj_markitos-slower_emotions138_bpm_remixes-01-sunset_138_bpm_remix-204-233.mp3,Sunset (138 BPM Remix) (EXCERPT),DJ Markitos,[0.03875471],136.84735107421875,2289.418375418883
/content/drive/Shared drives/ECE160-Visell-2020/Media Files/similarity_dataFolderSubset//skitzo-heavy_shit-07-messiah_of_evil-59-88.mp3,Messiah of Evil (EXCERPT),Skitzo,[0.0313085],118.08238220214844,2262.6706675968258
/content/drive/Shared drives/ECE160-Visell-2020/Media Files/similarity_dataFolderSubset//ensemble_mirable-triemer_six_cello_sonatas-19-sonata_5_andante-59-88.mp3,Sonata 5 (Andante) (EXCERPT),Ensemble Mirable,[0.00079802],128.6285858154297,1392.0482291679643
/content/drive/Shared drives/ECE160-Visell-2020/Media Files/similarity_dataFolderSubset//kammen___swan-wild_wood-15-lullaby_set-88-117.mp3,Lullaby Set (EXCERPT),Kammen & Swan,[0.02077747],132.25042724609375,1142.5975265655948
/content/drive/Shared drives/ECE160-Visell-2020/Media Files/similarity_dataFolderSubset//briddes_roune-lenten_is_come-08-nou_goth_sonne_under_wod-30-59.mp3,Nou goth sonne under wod (EXCERPT),Briddes Roune,[0.01187597],150.92982482910156,1161.859996511903
/content/drive/Shared drives/ECE160-Visell-2020/Media Files/similarity_dataFolderSubset//electric_frankenstein-conquers_the_world-01-its_all_moving_faster-117-146.mp3,It\'s All Moving Faster (EXCERPT),Electric Frankenstein,[0.02791082],86.03289794921875,2051.7449048870726
/content/drive/Shared drives/ECE160-Visell-2020/Media Files/similarity_dataFolderSubset//john_fleagle-worlds_bliss__medieval_songs_of_love_and_death-13-george_collins-30-59.mp3,George Collins (EXCERPT),John Fleagle,[0.00382804],116.83235931396484,1164.6068727965817
/content/drive/Shared drives/ECE160-Visell-2020/Media Files/similarity_dataFolderSubset//shira_kammen-the_castle_of_the_holly_king-12-round_about_our_coal_fire-233-262.mp3,Round About Our Coal Fire (EXCERPT),Shira Kammen,[0.01147726],104.58722686767578,1425.2854322125745
/content/drive/Shared drives/ECE160-Visell-2020/Media Files/similarity_dataFolderSubset//john_williams-long_ride_home-14-rush_hour-88-117.mp3,Rush Hour (EXCERPT),John Williams,[0.02243382],130.01388549804688,1933.4918808316618
/content/drive/Shared drives/ECE160-Visell-2020/Media Files/similarity_dataFolderSubset//burning_babylon-stereo_mash_up-13-senhaja-88-117.mp3,Senhaja (EXCERPT),Burning Babylon,[0.00958963],85.92686462402344,1192.00696373625
/content/drive/Shared drives/ECE160-Visell-2020/Media Files/similarity_dataFolderSubset//magnatune-classical-27-orinda_gabriel_bataille_qui_veut_chasser_une_migraine-117-146.mp3,Orinda_ Gabriel Bataille Qui veut Chasser une Migraine (EXCERPT),Magnatune,[0.00235632],147.01287841796875,1373.266462571475
/content/drive/Shared drives/ECE160-Visell-2020/Media Files/similarity_dataFolderSubset//falik-dreams_from_the_machine-05-when_i_look_into_her_eyes-262-291.mp3,When I Look Into Her Eyes (EXCERPT),Falik,[0.02170053],122.09303283691406,2088.9307425909083
/content/drive/Shared drives/ECE160-Visell-2020/Media Files/similarity_dataFolderSubset//strojovna_07-mirnix-07-o3-175-204.mp3,O3 (EXCERPT),Strojovna 07,[0.06659261],129.91053771972656,2268.6794594695602
/content/drive/Shared drives/ECE160-Visell-2020/Media Files/similarity_dataFolderSubset//dj_markitos-evolution_of_the_mind-06-losing_control-88-117.mp3,Losing Control (EXCERPT),DJ Markitos,[0.01866237],161.49896240234375,2432.530629850635
/content/drive/Shared drives/ECE160-Visell-2020/Media Files/similarity_dataFolderSubset//dj_cary-downtempo_chill_2-01-calm_ammonite-30-59.mp3,Calm (Ammonite) (EXCERPT),DJ Cary,[0.0194914],79.82464599609375,1448.3591930038742
/content/drive/Shared drives/ECE160-Visell-2020/Media Files/similarity_dataFolderSubset//asteria-le_souvenir_de_vous_me_tue-08-dona_gentile_lute_guillaume_dufay-59-88.mp3,Dona Gentile (lute) (Guillaume Dufay) (EXCERPT),Asteria,[0.00064739],172.26559448242188,1124.365135226041
/content/drive/Shared drives/ECE160-Visell-2020/Media Files/similarity_dataFolderSubset//william_brooks-buffalo_treason-01-grace-30-59.mp3,Grace (EXCERPT),William Brooks,[0.02158644],115.54039764404297,1710.239510794414
/content/drive/Shared drives/ECE160-Visell-2020/Media Files/similarity_dataFolderSubset//swar_prabhat-designer_bliss-04-madhurashtakam-88-117.mp3,Madhurashtakam (EXCERPT),Swar Prabhat,[0.00201083],79.46360778808594,1256.592892379754
/content/drive/Shared drives/ECE160-Visell-2020/Media Files/similarity_dataFolderSubset//minstrel_spirit-enter_the_woods-10-at_the_castle_gate_reprise-0-29.mp3,At the castle gate (reprise) (EXCERPT),Minstrel Spirit,[0.01195276],153.66078186035156,1225.518854409328
/content/drive/Shared drives/ECE160-Visell-2020/Media Files/similarity_dataFolderSubset//edward_martin-art_of_the_lute_in_renaissance_france-30-amy_helas_phalese-88-117.mp3,Amy helas (Phalese) (EXCERPT),Edward Martin,[0.00269543],162.7012481689453,941.800870155594
/content/drive/Shared drives/ECE160-Visell-2020/Media Files/similarity_dataFolderSubset//three_holies_church_choristers-the_hymns_of_the_ancient_church-04-meet_it_is_tune_hymn_demetre-117-146.mp3,Meet it is (tune_ Hymn Demetre) (EXCERPT),Three Holies Church Choristers,[0.00641834],103.12374877929688,1430.6761769212562
/content/drive/Shared drives/ECE160-Visell-2020/Media Files/similarity_dataFolderSubset//sun_palace-into_heaven-04-in_somebodys_eyes-88-117.mp3,In Somebody\'s Eyes (EXCERPT),Sun Palace,[0.02631902],120.06273651123047,1736.128819777509
/content/drive/Shared drives/ECE160-Visell-2020/Media Files/similarity_dataFolderSubset//rocket_city_riot-pop_killer-06-do_you_want_me-59-88.mp3,Do you want me (EXCERPT),Rocket City Riot,[0.04342805],96.6514892578125,1957.1493528334559
/content/drive/Shared drives/ECE160-Visell-2020/Media Files/similarity_dataFolderSubset//stargarden-the_art_of_analog_diversion-08-be_careful-291-320.mp3,Be Careful (EXCERPT),Stargarden,[0.01978024],126.86697387695312,1578.149097454935
/content/drive/Shared drives/ECE160-Visell-2020/Media Files/similarity_dataFolderSubset//james_edwards-canarios-21-cabarios__sanz-88-117.mp3,Cabarios - Sanz (EXCERPT),James Edwards,[0.00467848],123.5931167602539,1279.907004845963
/content/drive/Shared drives/ECE160-Visell-2020/Media Files/similarity_dataFolderSubset//strojovna_07-dirnix-02-basetra_noje-30-59.mp3,Basetra Noje (EXCERPT),Strojovna 07,[0.04701847],125.08335876464844,1746.2235901237027
/content/drive/Shared drives/ECE160-Visell-2020/Media Files/similarity_dataFolderSubset//monks_and_choirs_of_kiev_pechersk_lavra-chants_of_the_russian_orthodox_church-06-the_easter_day_proclaiming-88-117.mp3,The Easter day proclaiming (EXCERPT),Monks and Choirs of Kiev Pechersk Lavra,[0.00133392],95.2041015625,1638.6147116714212
/content/drive/Shared drives/ECE160-Visell-2020/Media Files/similarity_dataFolderSubset//memories_of_tomorrow-waiting_for_dawn-10-waiting_for_dawn-378-407.mp3,Waiting for Dawn (EXCERPT),Memories of Tomorrow,[0.02285669],139.04922485351562,2113.0689179425212
/content/drive/Shared drives/ECE160-Visell-2020/Media Files/similarity_dataFolderSubset//jeff_wahl-guitarscapes-09-spanish_ballad-59-88.mp3,Spanish ballad (EXCERPT),Jeff Wahl,[0.00844463],111.01914978027344,642.769050614777
/content/drive/Shared drives/ECE160-Visell-2020/Media Files/similarity_dataFolderSubset//ambient_teknology-the_all_seeing_eye_project-01-cyclops-175-204.mp3,Cyclops (EXCERPT),Ambient Teknology,[0.00871797],140.06053161621094,1993.2707759769785
/content/drive/Shared drives/ECE160-Visell-2020/Media Files/similarity_dataFolderSubset//philharmonia_baroque-cd2_scarlatti__cecilian_vespers-07-hymn_jesu_corona__qui_pergis-30-59.mp3,Hymn_ Jesu corona - Qui pergis (EXCERPT),Philharmonia Baroque,[0.0014101],117.92255401611328,1378.0734960696623
/content/drive/Shared drives/ECE160-Visell-2020/Media Files/similarity_dataFolderSubset//yongen-moonrise-05-one-59-88.mp3,One (EXCERPT),Yongen,[0.01059552],116.9125747680664,1935.5863739987292
/content/drive/Shared drives/ECE160-Visell-2020/Media Files/similarity_dataFolderSubset//dac_crowell-the_sea_and_the_sky-02-umi_no_kami_ni_kansha-2147-2176.mp3,Umi no kami ni kansha (EXCERPT),DAC Crowell,[0.00391789],89.12045288085938,503.5710948886923
/content/drive/Shared drives/ECE160-Visell-2020/Media Files/similarity_dataFolderSubset//shira_kammen-music_of_waters-16-deep_schist-59-88.mp3,Deep Schist (EXCERPT),Shira Kammen,[0.01123526],139.07005310058594,627.2835355599018
/content/drive/Shared drives/ECE160-Visell-2020/Media Files/similarity_dataFolderSubset//paul_avgerinos-maya__the_great_katun-05-night_of_the_goddess_part_1-349-378.mp3,Night of The Goddess (part 1) (EXCERPT),Paul Avgerinos,[0.00389606],112.201904296875,2239.1162034557074
/content/drive/Shared drives/ECE160-Visell-2020/Media Files/similarity_dataFolderSubset//rebel_rebel-explode_into_space-08-our_time_is_now-30-59.mp3,Our Time Is Now (EXCERPT),Rebel Rebel,[0.00561709],136.6758270263672,1952.960366499321
/content/drive/Shared drives/ECE160-Visell-2020/Media Files/similarity_dataFolderSubset//cheryl_ann_fulton-the_airs_of_wales-07-the_dimpled_cheek-0-29.mp3,The Dimpled Cheek (EXCERPT),Cheryl Ann Fulton,[0.00319732],117.71223449707031,1514.0438721612497
/content/drive/Shared drives/ECE160-Visell-2020/Media Files/similarity_dataFolderSubset//electric_frankenstein-the_time_is_now-11-too_much_for_you-88-117.mp3,Too Much For You (EXCERPT),Electric Frankenstein,[0.02243948],162.42929077148438,1998.524176871426
/content/drive/Shared drives/ECE160-Visell-2020/Media Files/similarity_dataFolderSubset//tim_rayborn-veils_of_light-02-tabak-175-204.mp3,Tabak (EXCERPT),Tim Rayborn,[0.00433861],102.29634094238281,2349.1972705641997
/content/drive/Shared drives/ECE160-Visell-2020/Media Files/similarity_dataFolderSubset//magnatune-relaxation_spa-08-theoria_human_response-146-175.mp3,Theoria (Human Response) (EXCERPT),Magnatune,[0.00340746],100.23637390136719,875.5668157412829
/content/drive/Shared drives/ECE160-Visell-2020/Media Files/similarity_dataFolderSubset//justin_bianco-phoenix-12-framework-30-59.mp3,Framework (EXCERPT),Justin Bianco,[0.00174013],99.74183654785156,924.7702371905871
/content/drive/Shared drives/ECE160-Visell-2020/Media Files/similarity_dataFolderSubset//philharmonia_baroque-beethoven_symphonies_no_3_eroica_and_no_8-01-eroica_1st-146-175.mp3,Eroica 1st (EXCERPT),Philharmonia Baroque,[0.0013183],143.9070587158203,1281.5207946632117
/content/drive/Shared drives/ECE160-Visell-2020/Media Files/similarity_dataFolderSubset//roots_of_rebellion-the_looking_glass-08-messenger-59-88.mp3,Messenger (EXCERPT),Roots of Rebellion,[0.03854965],146.38641357421875,2146.683816476275
/content/drive/Shared drives/ECE160-Visell-2020/Media Files/similarity_dataFolderSubset//hans_christian-phantoms-07-arabesque-291-320.mp3,Arabesque (EXCERPT),Hans Christian,[0.00631485],101.21995544433594,1470.9179144917966
/content/drive/Shared drives/ECE160-Visell-2020/Media Files/similarity_dataFolderSubset//norine_braun-crow-02-slipping_into_violet-30-59.mp3,Slipping into Violet (EXCERPT),Norine Braun,[0.01064971],123.40039825439453,1383.6702564996947
/content/drive/Shared drives/ECE160-Visell-2020/Media Files/similarity_dataFolderSubset//four_stones-la_vie_chill-02-laying_down_lounge-175-204.mp3,Laying Down Lounge (EXCERPT),Four Stones,[0.00606177],165.84043884277344,1768.2329363546896
/content/drive/Shared drives/ECE160-Visell-2020/Media Files/similarity_dataFolderSubset//jacob_heringman-jane_pickeringes_lute_book-14-galliard-30-59.mp3,Galliard (EXCERPT),Jacob Heringman,[0.00214736],106.99110412597656,929.6459425958915
/content/drive/Shared drives/ECE160-Visell-2020/Media Files/similarity_dataFolderSubset//jacob_heringman-jane_pickeringes_lute_book-21-a_crananto-30-59.mp3,A Crananto (EXCERPT),Jacob Heringman,[0.00177862],162.71456909179688,866.021420652025
/content/drive/Shared drives/ECE160-Visell-2020/Media Files/similarity_dataFolderSubset//james_edwards-canarios-01-canarios__de_murcia-88-117.mp3,Canarios - De Murcia (EXCERPT),James Edwards,[0.00285917],98.43635559082031,890.0565881429621
/content/drive/Shared drives/ECE160-Visell-2020/Media Files/similarity_dataFolderSubset//paul_avgerinos-phos_hilaron-06-song_of_the_gladness-88-117.mp3,Song of the Gladness (EXCERPT),Paul Avgerinos,[0.00551459],90.76893615722656,1186.4788752133345
/content/drive/Shared drives/ECE160-Visell-2020/Media Files/similarity_dataFolderSubset//beight-file_in_rhythm-01-file_in_rhythm-88-117.mp3,File in Rhythm (EXCERPT),Beight,[0.03871537],128.50711059570312,1994.2665186301745
/content/drive/Shared drives/ECE160-Visell-2020/Media Files/similarity_dataFolderSubset//ensemble_sreteniye-ancient_church_singing_of_byzantine_georgia_and_rus-02-psalm_146_and_o_thou_the_only_begotten_son-175-204.mp3,Psalm 146 and O Thou the Only Begotten Son (EXCERPT),Ensemble Sreteniye,[0.00500596],121.15006256103516,1411.7914024640913
/content/drive/Shared drives/ECE160-Visell-2020/Media Files/similarity_dataFolderSubset//telemann_trio_berlin-telemann_trio_berlin-03-triosonate_fur_flute_violine_und_basso__grave_telemann-0-29.mp3,Triosonate fur Flute Violine und Basso - Grave (Telemann) (EXCERPT),Telemann Trio Berlin,[0.00342398],125.1161117553711,1637.7219768789007
/content/drive/Shared drives/ECE160-Visell-2020/Media Files/similarity_dataFolderSubset//dj_cary-power_synths-13-atom__instrumental_mix_trancevision-88-117.mp3,Atom - Instrumental Mix (TranceVision) (EXCERPT),DJ Cary,[0.02845787],130.0274658203125,1619.489585539347
/content/drive/Shared drives/ECE160-Visell-2020/Media Files/similarity_dataFolderSubset//mr_gelatine-electroluv-02-frank-59-88.mp3,frank (EXCERPT),Mr Gelatine,[0.04325764],104.00508117675781,1491.5881585340026
/content/drive/Shared drives/ECE160-Visell-2020/Media Files/similarity_dataFolderSubset//la_primavera-english_renaissance_music-02-dear_if_you_change_dowland-146-175.mp3,Dear if you change (Dowland) (EXCERPT),La Primavera,[0.00661402],129.3331298828125,1762.704847831774
/content/drive/Shared drives/ECE160-Visell-2020/Media Files/similarity_dataFolderSubset//sun_palace-into_heaven-08-flying-117-146.mp3,Flying (EXCERPT),Sun Palace,[0.02006401],96.91002655029297,1351.531803968956
/content/drive/Shared drives/ECE160-Visell-2020/Media Files/similarity_dataFolderSubset//beth_quist-shall_we_dance-01-survival-117-146.mp3,Survival (EXCERPT),Beth Quist,[0.00628118],120.21318817138672,1422.538555927896
/content/drive/Shared drives/ECE160-Visell-2020/Media Files/similarity_dataFolderSubset//curandero-aras-06-aras-204-233.mp3,Aras (EXCERPT),Curandero,[0.00180739],165.13006591796875,964.325255689958
/content/drive/Shared drives/ECE160-Visell-2020/Media Files/similarity_dataFolderSubset//justin_bianco-forge-13-still-0-29.mp3,Still (EXCERPT),Justin Bianco,[5.48694639e-05],94.7540054321289,572.3460098663311
/content/drive/Shared drives/ECE160-Visell-2020/Media Files/similarity_dataFolderSubset//hans_christian-surrender-05-capricorn_child-59-88.mp3,Capricorn Child (EXCERPT),Hans Christian,[0.00237366],102.92671203613281,1642.8380339591145
/content/drive/Shared drives/ECE160-Visell-2020/Media Files/similarity_dataFolderSubset//solace-shawaza-06-ophelias_hands-30-59.mp3,Ophelia\'s Hands (EXCERPT),Solace,[0.02343213],151.4891357421875,1305.1095947578885
/content/drive/Shared drives/ECE160-Visell-2020/Media Files/similarity_dataFolderSubset//psychetropic-china_radio_sunshine-04-every_day_dream-175-204.mp3,Every day dream (EXCERPT),Psychetropic,[0.0046332],110.00270080566406,2238.0861248489527
/content/drive/Shared drives/ECE160-Visell-2020/Media Files/similarity_dataFolderSubset//suzanne_teng-miles_beyond-08-miles_beyond-262-291.mp3,Miles Beyond (EXCERPT),Suzanne Teng,[0.01227374],184.5702362060547,913.0273410735864
/content/drive/Shared drives/ECE160-Visell-2020/Media Files/similarity_dataFolderSubset//jade_leary-fossildawn-02-fossildawn-117-146.mp3,Fossildawn (EXCERPT),Jade Leary,[0.0341515],120.10025024414062,1845.9351992575337
/content/drive/Shared drives/ECE160-Visell-2020/Media Files/similarity_dataFolderSubset//suzanne_teng-miles_beyond-01-medicine_wheel-59-88.mp3,Medicine Wheel (EXCERPT),Suzanne Teng,[0.01136487],126.32459259033203,1204.196227249511
/content/drive/Shared drives/ECE160-Visell-2020/Media Files/similarity_dataFolderSubset//beatundercontrol-the_introduction-01-blue_lights-146-175.mp3,Blue Lights (EXCERPT),Beatundercontrol,[0.03677448],106.70821380615234,1775.3061427877367
/content/drive/Shared drives/ECE160-Visell-2020/Media Files/similarity_dataFolderSubset//shiva_in_exile-ethnic-10-nomad-0-29.mp3,Nomad (EXCERPT),Shiva In Exile,[0.01006681],79.8998031616211,1357.7466115630411
/content/drive/Shared drives/ECE160-Visell-2020/Media Files/similarity_dataFolderSubset//philharmonia_baroque-rameau_and_leclair-02-entree_des_pelerins__air_de_furie__sarabande_rameau_les_paladins-291-320.mp3,Entree des Pelerins _ Air de furie _ Sarabande (Rameau_ Les Paladins) (EXCERPT),Philharmonia Baroque,[0.0005501],84.87914276123047,1370.6912660545886
/content/drive/Shared drives/ECE160-Visell-2020/Media Files/similarity_dataFolderSubset//sand_craig_and_dornenburg-biber_violin_sonatas-05-biber_rosay_sonata_10_in_g_minor_the_crucifixion-0-29.mp3,Biber_ Rosay Sonata 10 in G Minor The Crucifixion (EXCERPT),Sand Craig and Dornenburg,[0.00150388],109.04373931884766,2035.6070067145863
/content/drive/Shared drives/ECE160-Visell-2020/Media Files/similarity_dataFolderSubset//the_headroom_project-ciri_a_doro-10-seaworld-146-175.mp3,Seaworld (EXCERPT),The Headroom Project,[0.00675552],119.83361053466797,1524.9627053928468
/content/drive/Shared drives/ECE160-Visell-2020/Media Files/similarity_dataFolderSubset//janine_johnson-chopin_recital-11-ballade_op_23_in_g_minor-378-407.mp3,Ballade Op.23 in g minor (EXCERPT),Janine Johnson,[0.00243504],132.01686096191406,873.5409944813324
/content/drive/Shared drives/ECE160-Visell-2020/Media Files/similarity_dataFolderSubset//stargarden-ambient_excursions-05-astral_dub-59-88.mp3,Astral Dub (EXCERPT),Stargarden,[0.00256483],142.32460021972656,849.0251236405765
/content/drive/Shared drives/ECE160-Visell-2020/Media Files/similarity_dataFolderSubset//kyiv_chamber_choir-masterpieces_of_the_ukrainian_choral_baroque-07-it_is_meet-88-117.mp3,It is meet (EXCERPT),Kyiv Chamber Choir,[0.0021395],103.93219757080078,1465.8361933651413
/content/drive/Shared drives/ECE160-Visell-2020/Media Files/similarity_dataFolderSubset//orinda-airs_de_cour-12-si_je_languis_dun_martire_incogneu_joachim_thibaut_de_courville-204-233.mp3,Si je languis d\'un martire incogneu (Joachim Thibaut de Courville) (EXCERPT),Orinda,[0.00417445],144.55889892578125,1275.8210263725039
/content/drive/Shared drives/ECE160-Visell-2020/Media Files/similarity_dataFolderSubset//janine_johnson-bach_goldberg_variations-01-aria-88-117.mp3,Aria (EXCERPT),Janine Johnson,[0.00149539],80.285888671875,2119.2493895830476
/content/drive/Shared drives/ECE160-Visell-2020/Media Files/similarity_dataFolderSubset//norine_braun-now_and_zen-08-gently-30-59.mp3,Gently (EXCERPT),Norine Braun,[0.00902458],162.20298767089844,1720.4716249548414
/content/drive/Shared drives/ECE160-Visell-2020/Media Files/similarity_dataFolderSubset//thursday_group-uncle_mean-05-pelican_fan-349-378.mp3,Pelican Fan (EXCERPT),Thursday Group,[0.00539508],91.41455841064453,2222.2915862120512
/content/drive/Shared drives/ECE160-Visell-2020/Media Files/similarity_dataFolderSubset//john_williams-dusty_porch-04-dusty_porch-30-59.mp3,Dusty Porch (EXCERPT),John Williams,[0.01648257],99.84228515625,963.0891613618527
/content/drive/Shared drives/ECE160-Visell-2020/Media Files/similarity_dataFolderSubset//tim_rayborn-veils_of_light-03-yedi_tekrar-146-175.mp3,Yedi tekrar (EXCERPT),Tim Rayborn,[0.00469647],75.19827270507812,1538.6627508626812
/content/drive/Shared drives/ECE160-Visell-2020/Media Files/similarity_dataFolderSubset//wicked_boy-chemistry-10-chemistry-233-262.mp3,Chemistry (EXCERPT),Wicked boy,[0.03728163],100.21814727783203,1601.2228582462346
/content/drive/Shared drives/ECE160-Visell-2020/Media Files/similarity_dataFolderSubset//curandero-curandero-02-la_tormenta-88-117.mp3,La Tormenta (EXCERPT),Curandero,[0.01253117],130.30947875976562,1346.4500828423006
/content/drive/Shared drives/ECE160-Visell-2020/Media Files/similarity_dataFolderSubset//the_headroom_project-ciri_a_doro-08-male_voice_for_genang_drum-30-59.mp3,Male Voice for Genang Drum (EXCERPT),The Headroom Project,[0.01983377],119.93496704101562,2021.460593848492
/content/drive/Shared drives/ECE160-Visell-2020/Media Files/similarity_dataFolderSubset//artemis-gravity-10-only_begun-0-29.mp3,Only begun (EXCERPT),Artemis,[0.00026033],164.97215270996094,1462.814629451995
/content/drive/Shared drives/ECE160-Visell-2020/Media Files/similarity_dataFolderSubset//jami_sieber-second_sight-06-at_the_loft-88-117.mp3,At The Loft (EXCERPT),Jami Sieber,[0.00065679],125.38945770263672,892.4257689384973
/content/drive/Shared drives/ECE160-Visell-2020/Media Files/similarity_dataFolderSubset//skitzo-babblesick-04-prisoners_of_america-0-29.mp3,Prisoners of America (EXCERPT),Skitzo,[0.04129123],107.51458740234375,2211.407088934013
/content/drive/Shared drives/ECE160-Visell-2020/Media Files/similarity_dataFolderSubset//ensemble_mirable-triemer_six_cello_sonatas-04-sonata_1_tempo_di_gavotta-59-88.mp3,Sonata 1 (Tempo di Gavotta) (EXCERPT),Ensemble Mirable,[0.0007808],107.58290100097656,1301.8476791698329
/content/drive/Shared drives/ECE160-Visell-2020/Media Files/similarity_dataFolderSubset//nova_express-gimme_some-11-gimme_some_more-117-146.mp3,Gimme Some More (EXCERPT),Nova Express,[0.04082771],91.991943359375,2109.6696585402315
/content/drive/Shared drives/ECE160-Visell-2020/Media Files/similarity_dataFolderSubset//rapoon-what_do_you_suppose-06-no_really-146-175.mp3,No Really (EXCERPT),Rapoon,[0.00196167],143.82203674316406,1402.7610466782105
/content/drive/Shared drives/ECE160-Visell-2020/Media Files/similarity_dataFolderSubset//doc_rossi-demarzi6_sonatas_for_cetra_o_kitara-06-sonata_ii_largo-0-29.mp3,Sonata II Largo (EXCERPT),Doc Rossi,[0.00495983],70.30210876464844,807.2382681599044
/content/drive/Shared drives/ECE160-Visell-2020/Media Files/similarity_dataFolderSubset//rapoon-what_do_you_suppose-11-i_dont_expect_anyone-204-233.mp3,I don\'t expect anyone (EXCERPT),Rapoon,[0.00355274],101.4343032836914,1194.3418085782268
/content/drive/Shared drives/ECE160-Visell-2020/Media Files/similarity_dataFolderSubset//four_stones_net-ridin_the_faders-04-part_4-59-88.mp3,Part 4 (EXCERPT),Four Stones.Net,[0.02869593],104.14452362060547,1533.443685921792
/content/drive/Shared drives/ECE160-Visell-2020/Media Files/similarity_dataFolderSubset//arthur_yoria-of_the_lovely-03-strange_grin-117-146.mp3,Strange Grin (EXCERPT),Arthur Yoria,[0.04087111],153.60569763183594,1734.8927254494038
/content/drive/Shared drives/ECE160-Visell-2020/Media Files/similarity_dataFolderSubset//jeni_melia-the_lost_art_of_wooing-16-lady_careys_dump_anon-88-117.mp3,Lady Carey\'s dump (Anon) (EXCERPT),Jeni Melia,[0.00011232],163.91781616210938,788.5251734705317
/content/drive/Shared drives/ECE160-Visell-2020/Media Files/similarity_dataFolderSubset//paul_avgerinos-sky_of_grace-03-golden_threads-88-117.mp3,Golden Threads (EXCERPT),Paul Avgerinos,[0.0080471],172.26553344726562,1212.4368561035467
/content/drive/Shared drives/ECE160-Visell-2020/Media Files/similarity_dataFolderSubset//jeni_melia-the_lost_art_of_wooing-04-mrs_nichols_almain_john_dowland-59-88.mp3,Mrs Nichols almain (John Dowland) (EXCERPT),Jeni Melia,[0.00011488],132.6717987060547,802.7745941973017
/content/drive/Shared drives/ECE160-Visell-2020/Media Files/similarity_dataFolderSubset//rapoon-what_do_you_suppose-08-the_alien_question-146-175.mp3,The Alien Question (EXCERPT),Rapoon,[0.00326107],151.60426330566406,956.8743537677675
/content/drive/Shared drives/ECE160-Visell-2020/Media Files/similarity_dataFolderSubset//dac_crowell-the_mechanism_of_starlight-02-the_mechanism_of_starlight-30-59.mp3,The Mechanism of Starlight (EXCERPT),DAC Crowell,[0.00278245],117.89085388183594,747.768396596614
/content/drive/Shared drives/ECE160-Visell-2020/Media Files/similarity_dataFolderSubset//rob_costlow-woods_of_chaos-06-down_the_road-30-59.mp3,Down the Road (EXCERPT),Rob Costlow,[0.01534451],88.67527770996094,1134.8719370149365
/content/drive/Shared drives/ECE160-Visell-2020/Media Files/similarity_dataFolderSubset//burning_babylon-knives_to_the_treble-07-mek_we_jump-30-59.mp3,Mek We Jump (EXCERPT),Burning Babylon,[0.03101494],84.70880126953125,1947.6726296513148
/content/drive/Shared drives/ECE160-Visell-2020/Media Files/similarity_dataFolderSubset//william_brooks-buffalo_treason-06-bedroom_window-117-146.mp3,Bedroom Window (EXCERPT),William Brooks,[0.02124956],118.0396499633789,2474.386157238424
/content/drive/Shared drives/ECE160-Visell-2020/Media Files/similarity_dataFolderSubset//american_bach_soloists-j_s__bach__favorite_cantatas-08-jesu_der_du_meine_seele_bwv_78__chorus-30-59.mp3,Jesu der du meine Seele (BWV 78) - Chorus (EXCERPT),American Bach Soloists,[0.00108945],98.3877182006836,1361.2145428724477
/content/drive/Shared drives/ECE160-Visell-2020/Media Files/similarity_dataFolderSubset//human_response-delirious-02-landlocked-59-88.mp3,Landlocked (EXCERPT),Human Response,[0.00480605],150.0353240966797,1209.4152921904001
/content/drive/Shared drives/ECE160-Visell-2020/Media Files/similarity_dataFolderSubset//justin_bianco-siren-11-line_of_sight-117-146.mp3,Line Of Sight (EXCERPT),Justin Bianco,[0.03632002],119.93478393554688,1025.202901349146
/content/drive/Shared drives/ECE160-Visell-2020/Media Files/similarity_dataFolderSubset//falling_you-touch-03-hope_thrown_down-30-59.mp3,hope thrown down (EXCERPT),Falling You,[0.00686835],172.2656707763672,1005.4253920994605
/content/drive/Shared drives/ECE160-Visell-2020/Media Files/similarity_dataFolderSubset//orinda-airs_de_cour-13-recit_de_la_beaute_michel_lambert-233-262.mp3,Recit de la beaute (Michel Lambert) (EXCERPT),Orinda,[0.00288451],105.79598999023438,964.5999433184259
/content/drive/Shared drives/ECE160-Visell-2020/Media Files/similarity_dataFolderSubset//domased-return_back-09-spiral-146-175.mp3,Spiral (EXCERPT),Domased,[0.00760725],147.79815673828125,2085.4628112815017
/content/drive/Shared drives/ECE160-Visell-2020/Media Files/similarity_dataFolderSubset//justin_bianco-siren-02-token-59-88.mp3,Token (EXCERPT),Justin Bianco,[0.01440693],124.28540802001953,1351.3601242011634
/content/drive/Shared drives/ECE160-Visell-2020/Media Files/similarity_dataFolderSubset//human_response-delirious-03-intimate-59-88.mp3,Intimate (EXCERPT),Human Response,[0.00122644],119.5159683227539,1618.1848193041246
/content/drive/Shared drives/ECE160-Visell-2020/Media Files/similarity_dataFolderSubset//paul_avgerinos-sky_of_grace-05-communion-117-146.mp3,Communion (EXCERPT),Paul Avgerinos,[0.01190154],114.2648696899414,1398.5720603440757
/content/drive/Shared drives/ECE160-Visell-2020/Media Files/similarity_dataFolderSubset//jacob_heringman-blame_not_my_lute-45-tantarra_chomartello-0-29.mp3,Tantarra Chomartello (EXCERPT),Jacob Heringman,[0.00180994],154.85801696777344,768.8506720815218
/content/drive/Shared drives/ECE160-Visell-2020/Media Files/similarity_dataFolderSubset//falling_you-human-09-an_angel_ameliorate-117-146.mp3,An Angel Ameliorate (EXCERPT),Falling You,[0.00674769],128.73927307128906,1096.0723094938521
/content/drive/Shared drives/ECE160-Visell-2020/Media Files/similarity_dataFolderSubset//falik-the_ballad_of_el_efe-10-to_a_blind_camel-233-262.mp3,To a Blind Camel (EXCERPT),Falik,[0.02369803],79.7880630493164,1931.431723618153
/content/drive/Shared drives/ECE160-Visell-2020/Media Files/similarity_dataFolderSubset//electric_frankenstein-the_time_is_now-01-teenage_shutdown-88-117.mp3,Teenage Shutdown (EXCERPT),Electric Frankenstein,[0.02183372],89.89253997802734,2085.771834863528
/content/drive/Shared drives/ECE160-Visell-2020/Media Files/similarity_dataFolderSubset//sarasa_ensemble_labelle_sylvan-bach_cantatas-01-weichet_nur_betrubte_schatten_aria-204-233.mp3,5683 (EXCERPT),01,[0.00041606],135.65048217773438,1276.610753304349
/content/drive/Shared drives/ECE160-Visell-2020/Media Files/similarity_dataFolderSubset//new_york_consort_of_viols-dances_and_canzonas_of_holborne_and_brade-03-pavan_and_galliard_holborne-0-29.mp3,14371 (EXCERPT),03,[0.00365748],113.77371978759766,1576.8786671732712
/content/drive/Shared drives/ECE160-Visell-2020/Media Files/similarity_dataFolderSubset//musica_franca-corrette__le_phenix__les_delices_de_la_solitude-04-les_delices_de_la_solitude_op__20__sonata_i_in_f_major__allegro-59-88.mp3,18356 (EXCERPT),04,[0.00250489],106.67974853515625,1083.9173819341497
/content/drive/Shared drives/ECE160-Visell-2020/Media Files/similarity_dataFolderSubset//seth_carlin-schubert__works_for_solo_fortepiano-04-sonata_in_eflat_major_opus_posth__122__allegro_moderato-494-523.mp3,20001 (EXCERPT),04,[0.00057906],178.20584106445312,936.3757894933539
/content/drive/Shared drives/ECE160-Visell-2020/Media Files/similarity_dataFolderSubset//st__eliyah_childrens_choir-we_are_guarded_by_the_cross-11-meet_it_is-117-146.mp3,46139 (EXCERPT),11,[0.00339423],80.27610778808594,1016.3785612846162
